BEGIN TRANSACTION;
INSERT INTO "Descuento" ("id","titulo","condiciones","puntos","imagen","interno","valor") VALUES (1,'30% dto. Parque Warner','30% de descuento en el Parque Warner para hasta 4 acompañantes. Válido hasta 31-05-26',150,'ParqueWarner.jpg',0,NULL);
INSERT INTO "Descuento" ("id","titulo","condiciones","puntos","imagen","interno","valor") VALUES (2,'Descuento 25% en Ezvents','Disfruta de un 25% de descuento en tu próxima compra en nuestra web',800,'1747250020516-1747208704261-image1.png',0,NULL);
INSERT INTO "Descuento" ("id","titulo","condiciones","puntos","imagen","interno","valor") VALUES (3,'50% Cinesa','Todos los MIÉRCOLES, descuento del 50% en los cines Cinesa de: Principe Pío, ParqueSur y Nassica. Válido hasta 8-09-26',1000,'cine.jpg',0,NULL);
INSERT INTO "Descuento" ("id","titulo","condiciones","puntos","imagen","interno","valor") VALUES (4,'5% Airbnb','5% de descuento en tu siguiente reserva en Airbnb. Descuento solo aplicable a alojamientos en Europa. Válido hasta: 28-04-25',25,'1747250362093-airbnb.jpg',0,NULL);
INSERT INTO "Descuento" ("id","titulo","condiciones","puntos","imagen","interno","valor") VALUES (5,'20€ Zoo Madrid','Los jueves, disfruta de entradas por 20€ en el Zoo de Madrid.',300,'1747250443504-zoo.png',0,NULL);
INSERT INTO "Descuento" ("id","titulo","condiciones","puntos","imagen","interno","valor") VALUES (13,'Descuento 15% en Ezvents','Disfruta de un 15% de descuento en nuestra web.',400,'1747208704261-image1.png',1,0.15);
INSERT INTO "Descuento" ("id","titulo","condiciones","puntos","imagen","interno","valor") VALUES (14,'Descuento 5% en Ezvents','Disfruta de un 5% de descuento en tu próxima compra en nuestra web',100,'1747249954474-1747208704261-image1.png',1,0.05);
INSERT INTO "Descuento" ("id","titulo","condiciones","puntos","imagen","interno","valor") VALUES (16,'Descuento 10% en Ezvents','Disfruta de un 10% de descuento en tu próxima compra en nuestra web',300,'1747251093942-1747208704261-image1.png',1,0.1);
INSERT INTO "Usuarios" ("id","username","password","rol","nombre","apellidos","email","puntos","fecha_nacimiento","fecha_ultimo_bonus") VALUES (1,'user','$2b$10$JdCg8yL3rRkkr.hhx1rjqOe30F9lhBlqA1sjYJW6ymzYExvQFHyjy','U','Usuario',NULL,'user@ucm.es',0,'2003-05-09',NULL);
INSERT INTO "Usuarios" ("id","username","password","rol","nombre","apellidos","email","puntos","fecha_nacimiento","fecha_ultimo_bonus") VALUES (2,'admin','$2b$10$Htah5iG9eKj8ItIItpzK6uvny3c5/QjdZaLwwmFy32RPrfVspNgYS','A','Administrador',NULL,'admin@ucm.es',0,'2001-08-18',NULL);
INSERT INTO "Usuarios" ("id","username","password","rol","nombre","apellidos","email","puntos","fecha_nacimiento","fecha_ultimo_bonus") VALUES (5,'empresa','$2b$10$JdCg8yL3rRkkr.hhx1rjqOe30F9lhBlqA1sjYJW6ymzYExvQFHyjy','E','Empresa',NULL,'empresa@ucm.es',0,'2006-12-26',NULL);
INSERT INTO "Usuarios" ("id","username","password","rol","nombre","apellidos","email","puntos","fecha_nacimiento","fecha_ultimo_bonus") VALUES (9,'ESN','$2b$10$QTBk335yDWxrAnFxcaQ0eeHnNdBeQ6hDG4BmeBicVFeFpWBhXaHuq','E','ESN','Madrid UCM','esn@ucm.es',0,'2009-06-18',NULL);
INSERT INTO "Usuarios" ("id","username","password","rol","nombre","apellidos","email","puntos","fecha_nacimiento","fecha_ultimo_bonus") VALUES (10,'sofrgz','$2b$10$Yvp9LpKB3c40Y6.UMOBjaO9H3bNcPq9sqbAegL2awPGsSbhB/W9NW','U','Sofía','Rodriguez','sof@ucm.es',375,'2003-10-22',NULL);
INSERT INTO "Usuarios" ("id","username","password","rol","nombre","apellidos","email","puntos","fecha_nacimiento","fecha_ultimo_bonus") VALUES (11,'celiacnls','$2b$10$4fTOP5.j5Uf2z8LI1ro5dusXE14jN6fHqlFoAdQoHe9GTJDLTG2RO','U','Celia','Canales','ceca@ucm.es',875,'2003-03-08',NULL);
INSERT INTO "Usuarios" ("id","username","password","rol","nombre","apellidos","email","puntos","fecha_nacimiento","fecha_ultimo_bonus") VALUES (12,'albiita','$2b$10$44NwvJxVKoNbrMDomSh6.e68xHjNEFbz6aG1Jj7vLQvpMX0R.ECv.','U','Alba','Lara','alba@ucm.es',1025,'2003-11-10',NULL);
INSERT INTO "Usuarios" ("id","username","password","rol","nombre","apellidos","email","puntos","fecha_nacimiento","fecha_ultimo_bonus") VALUES (13,'lauraam','$2b$10$IEn7B7SUa7EkTsA9VlwnoODbJFYABREJbQWCZG/5dm7Sr48pBvep.','U','Laura','Martín','lmarti@ucm.es',0,'2003-12-21',NULL);
INSERT INTO "Usuarios" ("id","username","password","rol","nombre","apellidos","email","puntos","fecha_nacimiento","fecha_ultimo_bonus") VALUES (14,'fari','$2b$10$6/2XztBIPgguGbOFjxGcceNQwHfT2ZPpvq5hRdGnmKFNUplMw0HCG','U','Fari','med','fari@ucm.es',0,'2003-06-12',NULL);
INSERT INTO "Usuarios" ("id","username","password","rol","nombre","apellidos","email","puntos","fecha_nacimiento","fecha_ultimo_bonus") VALUES (15,'japanwknd','$2b$10$FzXxJDwRBUU7W1dCxi04B.vBLVtfIMIhs93NthFGAbbHAm.EF1Pi6','E','Japan','Weeknd','jpn@ucm.es',0,'2015-05-19',NULL);
INSERT INTO "acudeA" ("id","idArtista","idEvento") VALUES (1,1,23);
INSERT INTO "acudeA" ("id","idArtista","idEvento") VALUES (2,5,23);
INSERT INTO "acudeA" ("id","idArtista","idEvento") VALUES (3,10,23);
INSERT INTO "acudeA" ("id","idArtista","idEvento") VALUES (4,1,24);
INSERT INTO "acudeA" ("id","idArtista","idEvento") VALUES (5,6,25);
INSERT INTO "acudeA" ("id","idArtista","idEvento") VALUES (6,2,28);
INSERT INTO "acudeA" ("id","idArtista","idEvento") VALUES (7,4,29);
INSERT INTO "acudeA" ("id","idArtista","idEvento") VALUES (8,7,29);
INSERT INTO "acudeA" ("id","idArtista","idEvento") VALUES (9,3,30);
INSERT INTO "acudeA" ("id","idArtista","idEvento") VALUES (10,6,33);
INSERT INTO "acudeA" ("id","idArtista","idEvento") VALUES (11,10,33);
INSERT INTO "acudeA" ("id","idArtista","idEvento") VALUES (12,9,37);
INSERT INTO "acudeA" ("id","idArtista","idEvento") VALUES (13,8,38);
INSERT INTO "acudeA" ("id","idArtista","idEvento") VALUES (14,11,40);
INSERT INTO "acudeA" ("id","idArtista","idEvento") VALUES (15,9,44);
INSERT INTO "acudeA" ("id","idArtista","idEvento") VALUES (16,2,47);
INSERT INTO "acudeA" ("id","idArtista","idEvento") VALUES (17,3,47);
INSERT INTO "acudeA" ("id","idArtista","idEvento") VALUES (18,4,47);
INSERT INTO "acudeA" ("id","idArtista","idEvento") VALUES (19,5,47);
INSERT INTO "acudeA" ("id","idArtista","idEvento") VALUES (20,9,47);
INSERT INTO "acudeA" ("id","idArtista","idEvento") VALUES (21,10,47);
INSERT INTO "acudeA" ("id","idArtista","idEvento") VALUES (22,1,47);
INSERT INTO "acudeA" ("id","idArtista","idEvento") VALUES (23,6,47);
INSERT INTO "acudeA" ("id","idArtista","idEvento") VALUES (24,7,47);
INSERT INTO "acudeA" ("id","idArtista","idEvento") VALUES (25,8,47);
INSERT INTO "acudeA" ("id","idArtista","idEvento") VALUES (26,11,47);
INSERT INTO "acudeA" ("id","idArtista","idEvento") VALUES (27,5,33);
INSERT INTO "artista" ("id","nombreArtistico","nombre","biografia","genero","nacimiento","canciones","imagen") VALUES (1,'Anuel AA','Emmanuel Gazmey Santiago','Emmanuel Gazmey Santiago, conocido artísticamente como Anuel AA, es un cantante y compositor puertorriqueño nacido el 26 de noviembre de 1992 en Carolina, Puerto Rico. Inició en la música a los 14 años y comenzó a publicar sus canciones en línea en 2010. Firmó con la división latina de Maybach Music Group, sello del rapero Rick Ross.  En 2016, fue condenado a 30 meses de prisión por posesión ilegal de armas. Durante su encarcelamiento, grabó su álbum debut, Real hasta la muerte, que lanzó el 17 de julio de 2018, el mismo día de su liberación. Su música ganó gran popularidad durante ese tiempo, y en los meses siguientes, logró entrar en el ranking Hot Latin Songs de Billboard, convirtiéndose en uno de los artistas latinos más destacados.','Reguetón y Trap latino','1992-11-26','Real Hasta La Muerte','1747173029640-Anuel.jpg');
INSERT INTO "artista" ("id","nombreArtistico","nombre","biografia","genero","nacimiento","canciones","imagen") VALUES (2,'Bad Bunny','Benito Antonio Martínez Ocasio','Bad Bunny, cuyo nombre real es Benito Antonio Martínez Ocasio, es un cantante, compositor y luchador puertorriqueño nacido en Bayamón en 1994. Es conocido por su voz grave y su estilo musical centrado en el reguetón y el trap latino, aunque ha explorado otros géneros.  Comenzó su carrera subiendo música a SoundCloud mientras trabajaba en un supermercado y estudiaba en la universidad. Saltó a la fama con su sencillo "Soy Peor" en 2016 y consolidó su éxito con colaboraciones como "I Like It" con Cardi B y "Mia" con Drake. Su álbum debut X 100pre ganó un Grammy Latino y fue reconocido por Rolling Stone como uno de los 500 mejores álbumes de todos los tiempos.','Reguetón, Trap latino, pop','1994-03-10','YHLQMDLG','1747173378682-Badbunny.webp');
INSERT INTO "artista" ("id","nombreArtistico","nombre","biografia","genero","nacimiento","canciones","imagen") VALUES (3,'The Weeknd','Abel Makkonen Tesfaye','Abel Makkonen Tesfaye, conocido como The Weeknd, es un cantante, compositor, productor y actor canadiense nacido el 16 de febrero de 1990 en Toronto. Es reconocido por su estilo musical versátil y letras oscuras que abordan temas como el escapismo, el romance y la melancolía. A lo largo de su carrera, ha recibido múltiples premios, incluidos 4 Grammy, 20 Billboard Music Awards, 17 Juno Awards y nominaciones al Oscar y al Emmy.','R&B','1990-02-16','Earned It','1747173637514-TheWeeknd.avif');
INSERT INTO "artista" ("id","nombreArtistico","nombre","biografia","genero","nacimiento","canciones","imagen") VALUES (4,'Omar Courtz','Joshua Omar Medina Cortés','Omar Courtz, originario de Carolina, Puerto Rico, mostró desde joven interés por la música y el deporte. Trabajó en una tienda de ropa frecuentada por artistas urbanos, lo que influyó en su inspiración musical. Fue medallista en atletismo universitario y casi integró el equipo nacional, lo que le permitió obtener una beca. Se graduó en Ingeniería Mecánica en la Universidad Interamericana.','Reguetón y R&B','1997-10-11','Primera Musa','1747173843919-OmarCourtz.jpg');
INSERT INTO "artista" ("id","nombreArtistico","nombre","biografia","genero","nacimiento","canciones","imagen") VALUES (5,'Mora','Gabriel Armando Mora Quintero','Gabriel, originario de Bayamón, Puerto Rico, mostró interés por la música desde pequeño, aprendiendo flauta y piano. Estudió en una escuela Montessori enfocada en las artes, y aunque practicó deportes en su adolescencia, nunca dejó la música. Inició estudios en Administración de Empresas en la Universidad de Puerto Rico y luego en Berklee College of Music, pero abandonó ambas. En 2017, decidió iniciar su carrera musical de forma independiente.','Reguetón y Trap latino','1996-04-18','Microdosis','1747173943498-Mora.jfif');
INSERT INTO "artista" ("id","nombreArtistico","nombre","biografia","genero","nacimiento","canciones","imagen") VALUES (6,'Lucho RK','Emilio Roca Cáceres','Lucho RK, originario de Gran Canaria, creció rodeado de música gracias a la influencia de sus padres, con gustos que iban del flamenco-pop al rock alternativo. Su nombre artístico combina un apodo familiar y las iniciales de sus apellidos. Aunque estudió Marketing e Investigación de Mercados en Granada, en 2020 decidió enfocarse en la música. Se formó como técnico de sonido, donde conoció al productor Linton, marcando así el inicio de su carrera artística con un enfoque más personal.','Reguetón y Trap','2000-03-31','Quién Está Aquí?','1747174135924-Lucho.avif');
INSERT INTO "artista" ("id","nombreArtistico","nombre","biografia","genero","nacimiento","canciones","imagen") VALUES (7,'De La Rose','Yuberkis Gabriela Marie de la Rosa Bryan','De la Rose, nacida como Yuberkis Gabriela Marie de la Rosa Bryan el 18 de septiembre de 2001 en Puerto Rico, es una cantante y compositora conocida por su voz melódica y dinámica. Comenzó su carrera en 2019 y rápidamente se destacó en el género urbano. Ha colaborado en éxitos como «Kyoto» y «¿Qué vas hacer hoy?» de Omar Courtz, y con artistas como Quevedo, De la Ghetto y Jay Wheeler. En 2023, firmó con Warner Music Latina.','Reguetón y Trap latino','2001-09-18','Kyoto','1747174339478-DeLaRose.jpg');
INSERT INTO "artista" ("id","nombreArtistico","nombre","biografia","genero","nacimiento","canciones","imagen") VALUES (8,'Jay Park','Park Jaebeom','Jay Park ganó fama como líder del grupo 2PM, tras un exitoso reclutamiento por JYP Entertainment en EE. UU. Se mudó a Corea y debutó tras años de entrenamiento en canto y coreano. En 2010, dejó el grupo por una controversia, pero ese mismo año, su versión de "Nothin'' on You" de BoB se hizo viral en YouTube. Posteriormente, firmó con SidusHQ y debutó como cantante y actor solista.','Hiphop','1987-04-25','Worldwide','1747174555993-JayPark.jpg');
INSERT INTO "artista" ("id","nombreArtistico","nombre","biografia","genero","nacimiento","canciones","imagen") VALUES (9,'Jhayco','Jesús Manuel Nieves Cortés','Nieves nació en Río Piedras, Puerto Rico, y se mudó a Camden, Nueva Jersey, donde creció en un entorno bilingüe. Comenzó a componer canciones a los 15 años, lo que llamó la atención del productor Eddie Dee. Trabajó con productores como Lele el Arma Secreta y Eliel, y compuso para Zion & Lennox. Además, produjo "Soltera" bajo el seudónimo de Jay el Superdotado. También compuso cinco sencillos para Tito el Bambino, incluyendo "Llama al sol", que formó parte del álbum Invencible, ganador de un Grammy Latino.','Reguetón, Pop Latino y Trap','1993-04-09','Famouz','1747174858395-Jhayco.jpg');
INSERT INTO "artista" ("id","nombreArtistico","nombre","biografia","genero","nacimiento","canciones","imagen") VALUES (10,'Bad Gyal','Alba Farelo i Solé','Alba Farelo, conocida artísticamente como Bad Gyal, nació el 7 de marzo de 1997 en Vilassar de Mar, Barcelona. Es hija del actor de doblaje Eduard Farelo. Antes de dedicarse a la música, trabajó en diversos empleos y comenzó estudios de diseño de moda, que abandonó para enfocarse en su carrera musical. Empezó grabando canciones en casa por falta de recursos y, con el tiempo, invirtió lo ganado en sus conciertos en producción profesional. Así consolidó su carrera como una de las artistas más destacadas del género urbano en España.','Reguetón','1997-03-07','La Joia','1747176668920-BadGyal.jpg');
INSERT INTO "artista" ("id","nombreArtistico","nombre","biografia","genero","nacimiento","canciones","imagen") VALUES (11,'Ariana Grande','Ariana Grande Butera','Ariana Grande-Butera (nacida el 26 de junio de 1993 en Boca Ratón, Florida) es una cantante, compositora, actriz nominada al Oscar y empresaria estadounidense. Comenzó su carrera en Broadway a los 15 años y ganó popularidad por sus papeles en las series de Nickelodeon Victorious y Sam & Cat. En 2011 firmó con Republic Records tras destacar en YouTube. Su álbum debut Yours Truly (2013), influenciado por el doo wop y el R&B, fue un éxito en ventas y posicionó su sencillo «The Way» en el top 10 del Billboard Hot 100.','Pop, R&B','1993-06-26','Thank u, next','1747212135206-ArianaGrande.webp');
INSERT INTO "entradasUsuario" ("id","idUsuario","idEvento","cantidad","fecha_compra") VALUES (7,1,23,1,'10-10-2000');
INSERT INTO "entradasUsuario" ("id","idUsuario","idEvento","cantidad","fecha_compra") VALUES (8,10,44,2,'10-10-2000');
INSERT INTO "entradasUsuario" ("id","idUsuario","idEvento","cantidad","fecha_compra") VALUES (9,11,44,1,'10-10-2000');
INSERT INTO "entradasUsuario" ("id","idUsuario","idEvento","cantidad","fecha_compra") VALUES (10,12,44,1,'10-10-2000');
INSERT INTO "entradasUsuario" ("id","idUsuario","idEvento","cantidad","fecha_compra") VALUES (11,11,47,1,'10-10-2000');
INSERT INTO "entradasUsuario" ("id","idUsuario","idEvento","cantidad","fecha_compra") VALUES (12,12,48,1,'10-10-2000');
INSERT INTO "entradasUsuario" ("id","idUsuario","idEvento","cantidad","fecha_compra") VALUES (13,12,43,1,'10-10-2000');
INSERT INTO "entradasUsuario" ("id","idUsuario","idEvento","cantidad","fecha_compra") VALUES (14,12,33,1,'10-10-2000');
INSERT INTO "entradasUsuario" ("id","idUsuario","idEvento","cantidad","fecha_compra") VALUES (15,10,33,1,'10-10-2000');
INSERT INTO "entradasUsuario" ("id","idUsuario","idEvento","cantidad","fecha_compra") VALUES (16,12,40,1,'10-10-2000');
INSERT INTO "entradasUsuario" ("id","idUsuario","idEvento","cantidad","fecha_compra") VALUES (17,11,26,1,'10-10-2000');
INSERT INTO "eventos" ("id","idEmpresa","nombre","descripcion","fecha","hora","lugar","precio","aforo_maximo","entradas_vendidas","imagen","edad_minima") VALUES (23,2,'Boombastic','El Boombastic Festival Asturias regresa en 2025 con más fuerza que nunca. Considerado uno de los festivales de música urbana más destacados de España, reúne durante tres días a los mayores exponentes del reguetón, trap, pop urbano y rap en un entorno único.

Esta nueva edición contará con seis escenarios temáticos, zona de acampada mejorada, pool stage, áreas de descanso, espectáculos de drones y una puesta en escena totalmente renovada. El cartel incluye a artistas internacionales como Anuel AA, Mora, Bad Gyal y muchos más por anunciar.','2025-07-17','16:00','Asturias',80.0,1000,1,'1747176812065-Boombastic.webp',16);
INSERT INTO "eventos" ("id","idEmpresa","nombre","descripcion","fecha","hora","lugar","precio","aforo_maximo","entradas_vendidas","imagen","edad_minima") VALUES (24,2,'Concierto Anuel AA','Prepárate para una noche inolvidable con Anuel AA, uno de los íconos más influyentes del trap y reguetón latino. Con su estilo inconfundible, letras crudas y energía arrolladora, Anuel llega para encender el escenario con todos sus éxitos, desde "Sola" y "Bebecita", hasta himnos recientes como "Mejor Que Yo" y "Más Rica Que Ayer".

El artista puertorriqueño, conocido por su autenticidad y su conexión con el público, promete un espectáculo lleno de ritmo, luces y emociones. No te pierdas esta oportunidad de vivir la intensidad de su música en directo y cantar junto a miles de fans.','2025-09-12','21:00','Movistar Arena',50.0,2000,0,'1747177097574-ConciertoAnuel.jpg',16);
INSERT INTO "eventos" ("id","idEmpresa","nombre","descripcion","fecha","hora","lugar","precio","aforo_maximo","entradas_vendidas","imagen","edad_minima") VALUES (25,5,'Concierto exclusivo Lucho RK','Vive una experiencia única con Lucho RK, el artista canario que está revolucionando la escena urbana con su estilo fresco, letras sinceras y una mezcla de influencias que van desde el flamenco-pop hasta el rock alternativo.

En este concierto exclusivo, Lucho RK se presenta en un formato cercano e íntimo para conectar directamente con su público y compartir los temas que han marcado su trayectoria, como “Sabe Mal”, “Cosas Bonitas” o “Donde Estás”.

Una noche para sentir, cantar y vibrar con una de las voces emergentes más prometedoras del panorama musical actual.','2025-11-14','20:00','Sala Mon',25.0,20,0,'1747177377206-conciertoLucho.png',16);
INSERT INTO "eventos" ("id","idEmpresa","nombre","descripcion","fecha","hora","lugar","precio","aforo_maximo","entradas_vendidas","imagen","edad_minima") VALUES (26,2,'Noche de monólogos','¿Te apetece una noche de risas? Llega la Noche de Monólogos, un evento de comedia en vivo con los mejores talentos locales. Humor sin filtros, situaciones cotidianas y mucha interacción con el público.','2025-06-06','22:00','Teatro La Latina',10.0,100,1,'1747177637751-Monologos.jpg',18);
INSERT INTO "eventos" ("id","idEmpresa","nombre","descripcion","fecha","hora","lugar","precio","aforo_maximo","entradas_vendidas","imagen","edad_minima") VALUES (27,2,'Corazón Classic Match','¡Prepárate para una jornada llena de adrenalina! El estadio Santiago Bernabéu será el escenario del esperado encuentro entre Real Madrid Leyendas y el Borussia Dortmund Legends, dos grandes equipos del fútbol que prometen un partido vibrante, lleno de emoción, pasión y goles.

Disfruta del mejor ambiente futbolero junto a miles de aficionados, animando a tu equipo en un duelo que puede marcar la temporada. No importa si eres fanático desde siempre o vives tu primer partido en directo: esta experiencia es imperdible.','2025-06-07','21:15','Estadio Santiago Bernabéu',20.0,10000,0,'1747177893634-Partido.jpg',0);
INSERT INTO "eventos" ("id","idEmpresa","nombre","descripcion","fecha","hora","lugar","precio","aforo_maximo","entradas_vendidas","imagen","edad_minima") VALUES (28,2,'DeBÍ TiRAR MáS FOToS World Tour','Vive una noche inolvidable con el fenómeno global del reguetón y trap latino. Bad Bunny llega con todos sus éxitos para hacer vibrar al público con una puesta en escena impresionante y una energía arrolladora.','2026-05-31','20:00','Estadio Riyadh Air Metropolitano',80.0,3000,0,'1747178081231-ConciertoBadBunny.webp',16);
INSERT INTO "eventos" ("id","idEmpresa","nombre","descripcion","fecha","hora","lugar","precio","aforo_maximo","entradas_vendidas","imagen","edad_minima") VALUES (29,2,'Concierto Omar Courtz y De La Rose','¡La energía del género urbano llega a Madrid! Omar Courtz y De La Rose se unen por primera vez en un concierto exclusivo en la icónica Sala Shôko. Disfruta de una noche cargada de ritmo, flow y emoción con dos de los artistas más prometedores del panorama latino actual.

Omar Courtz, conocido por hits como “En su nota” y “Qué vas a hacer hoy”, encenderá el escenario con su estilo fresco y contagioso. A su lado, De La Rose, la voz melódica que ha conquistado con temas como “WYA (Remix Red)” y colaboraciones junto a artistas como Quevedo y Jay Wheeler, aportará su energía única y sensibilidad urbana.

Una experiencia íntima y potente, en una de las salas más emblemáticas de la capital. Aforo limitado.
¡No te quedes sin tu entrada!','2025-06-15','23:59','Sala Shoko',25.0,400,0,'1747178292905-OmarYDeLa.webp',18);
INSERT INTO "eventos" ("id","idEmpresa","nombre","descripcion","fecha","hora","lugar","precio","aforo_maximo","entradas_vendidas","imagen","edad_minima") VALUES (30,2,'Concierto The Weeknd','Prepárate para vivir una noche inolvidable con The Weeknd, uno de los artistas más influyentes y versátiles del panorama musical actual. Con su inconfundible voz y una puesta en escena de otro nivel, el ícono del R&B y pop alternativo llega con su esperada gira mundial, interpretando éxitos como “Blinding Lights”, “Save Your Tears”, “Starboy” y muchos más.

Un show envolvente donde la música, las luces y la emoción se funden para crear una experiencia única. The Weeknd no solo canta, cuenta historias a través de su arte, llevándote por un viaje de amor, oscuridad y redención.','2025-08-12','20:00','Movistar Arena',50.0,1000,0,'1747178545935-conciertoTheWeeknd.avif',16);
INSERT INTO "eventos" ("id","idEmpresa","nombre","descripcion","fecha","hora","lugar","precio","aforo_maximo","entradas_vendidas","imagen","edad_minima") VALUES (31,2,'Entradas Discoteca Cats','Venta de entradas para la dicoteca Cats día 30 de mayo. La entrada incluye 1 consumición.','2025-05-30','23:59','Cats Madrid',15.0,300,0,'1747178713862-cats.jpg',18);
INSERT INTO "eventos" ("id","idEmpresa","nombre","descripcion","fecha","hora","lugar","precio","aforo_maximo","entradas_vendidas","imagen","edad_minima") VALUES (33,2,'CocaCola Music Festival','¡Vuelve uno de los festivales más esperados del año! El Coca-Cola Music Experience 2024 llega cargado de energía, talento joven y los artistas más top del panorama nacional e internacional. Durante un días inolvidables, Madrid se transforma en el epicentro de la música urbana, pop y electrónica para una nueva edición que promete superar todas las expectativas.

Con un cartel lleno de estrellas, actuaciones en vivo, experiencias interactivas y un ambiente vibrante pensado para los fans más entregados, el CCME2024 no es solo un festival, ¡es una celebración única de música, comunidad y diversión!','2024-09-14','12:00','Recinto John Lennon',45.0,1000,2,'1747209356570-CCME.jpg',14);
INSERT INTO "eventos" ("id","idEmpresa","nombre","descripcion","fecha","hora","lugar","precio","aforo_maximo","entradas_vendidas","imagen","edad_minima") VALUES (37,2,'Murci City Tour','¡Prepárate para vivir una noche inolvidable con el sonido más fresco del reggaetón y el trap latino!
Jhayco, uno de los artistas más explosivos de la escena urbana, llega a tu ciudad con su esperada gira "Murci City Tour".

Con éxitos globales como "Dakiti", "No Me Conoce", "En Mi Cuarto" y su estilo único que mezcla sensualidad, oscuridad y ritmo, Jhayco se ha consolidado como una figura clave en la nueva generación del género urbano.

Este tour promete un show lleno de energía, visuales impactantes y una conexión directa con el público.
¡No te pierdas la oportunidad de cantar, bailar y vibrar con Jhayco en directo!','2025-08-01','20:00','Movistar Arena',60.0,1000,0,'1747241757788-murci.png',16);
INSERT INTO "eventos" ("id","idEmpresa","nombre","descripcion","fecha","hora","lugar","precio","aforo_maximo","entradas_vendidas","imagen","edad_minima") VALUES (38,2,'Concierto Jay Park','Prepárate para vivir una experiencia única con Jay Park, el ícono global del R&B y hip-hop coreano, en una presentación que encenderá el escenario y conquistará tus sentidos. Reconocido por su energía explosiva, su estilo versátil y su carisma imparable, Jay Park llega a Madrid para ofrecer un show lleno de música, baile y conexión con sus fans.','2025-05-27','20:00','Sala Copérnico',30.0,500,0,'1747241989222-Jayconcierto.png',18);
INSERT INTO "eventos" ("id","idEmpresa","nombre","descripcion","fecha","hora","lugar","precio","aforo_maximo","entradas_vendidas","imagen","edad_minima") VALUES (39,15,'Japan weekend','Sumérgete en lo mejor de la cultura japonesa en Japan Weekend Madrid, el evento imperdible para amantes del anime, el manga, el cosplay, la música y la tradición nipona. Durante el 20 de septiembre, vive una experiencia única con actividades para todos los gustos.','2025-09-20','12:00','IFEMA Madrid',25.0,1000,0,'1747242272304-japan.jfif',10);
INSERT INTO "eventos" ("id","idEmpresa","nombre","descripcion","fecha","hora","lugar","precio","aforo_maximo","entradas_vendidas","imagen","edad_minima") VALUES (40,2,'Dangerous Woman Tour','¡La superestrella global Ariana Grande regresa a los escenarios y tú estás invitado a vivir una noche inolvidable! Con su carisma arrollador, sus coreografías impecables y esa voz inconfundible, Ariana llega a Madrid como parte de su esperadísima gira.','2025-06-12','20:00','Estadio Riyadh Air Metropolitano',100.0,1000,1,'1747242487388-conciertoAri.webp',16);
INSERT INTO "eventos" ("id","idEmpresa","nombre","descripcion","fecha","hora","lugar","precio","aforo_maximo","entradas_vendidas","imagen","edad_minima") VALUES (41,9,'ESN International Party','La ESN International Party llega a Madrid y tú estás invitado a celebrar con estudiantes de todo el mundo.
Una noche única donde la música, los idiomas, los colores y las culturas se mezclan en la pista de baile. El precio de la entrada incluye una consumición','2025-05-26','23:59','Fitz Madrid',25.0,2500,0,'1747243516932-ESN.png',18);
INSERT INTO "eventos" ("id","idEmpresa","nombre","descripcion","fecha","hora","lugar","precio","aforo_maximo","entradas_vendidas","imagen","edad_minima") VALUES (42,5,'The Book Of Mormon','De los creadores de South Park, llega a Madrid el fenómeno mundial que ha hecho reír (y pensar) a millones: The Book of Mormon. Un musical irreverente, ingenioso y absolutamente desternillante que combina crítica social, sátira religiosa y canciones pegajosas en una experiencia teatral única.

Ganador de 9 premios Tony, incluido Mejor Musical, The Book of Mormon sigue la historia de dos jóvenes misioneros enviados a Uganda, donde descubren que la vida es mucho más complicada —y absurda— de lo que jamás imaginaron.','2025-06-01','18:00','Teatro Calderón',40.0,800,0,'1747243846487-bookofmormon.jpg',0);
INSERT INTO "eventos" ("id","idEmpresa","nombre","descripcion","fecha","hora","lugar","precio","aforo_maximo","entradas_vendidas","imagen","edad_minima") VALUES (43,2,'Musical Aladdín','Prepárate para viajar al corazón de Agrabah con Aladdín, el musical de Disney, el espectáculo que ha conquistado Broadway, el West End… ¡y ahora brilla con fuerza en Madrid! Con una puesta en escena deslumbrante, canciones inolvidables y efectos que desafían la imaginación, este musical es una auténtica alfombra voladora hacia un mundo de fantasía.','2025-02-17','18:00','Teatro Coliseum Madrid',30.0,1000,1,'1747244315648-aladdin.webp',0);
INSERT INTO "eventos" ("id","idEmpresa","nombre","descripcion","fecha","hora","lugar","precio","aforo_maximo","entradas_vendidas","imagen","edad_minima") VALUES (44,2,'Entradas Discoteca Mon','Disfruta de una increíble noche en la sala Mon, estará invitado el famoso cantante Jhayco con el cual podremos cantar canciones como Pégate Remix. La entrada incluye una consumición','2025-05-03','23:59','Sala Mon Madrid',15.0,1000,4,'1747244522402-mon.png',18);
INSERT INTO "eventos" ("id","idEmpresa","nombre","descripcion","fecha","hora","lugar","precio","aforo_maximo","entradas_vendidas","imagen","edad_minima") VALUES (45,2,'Concierto Candlelight','Vive la magia de la música como nunca antes con los Candlelight Concerts, una serie de conciertos íntimos a la luz de miles de velas, que transforman lugares históricos de Madrid en escenarios inolvidables.

Desde los grandes clásicos como Vivaldi, Chopin y Mozart, hasta tributos únicos a artistas como Ludovico Einaudi, Queen, Coldplay o Taylor Swift, cada velada ofrece una atmósfera envolvente donde la música y la luz se funden para tocar el alma.','2025-06-06','22:00','Wellington Hotel',14.0,100,0,'1747247028930-candlelight.jpg',16);
INSERT INTO "eventos" ("id","idEmpresa","nombre","descripcion","fecha","hora","lugar","precio","aforo_maximo","entradas_vendidas","imagen","edad_minima") VALUES (46,2,'Meet and Greet Real Madrid','¡La oportunidad que todo madridista ha soñado está aquí! Vive un momento inolvidable en el Meet & Greet oficial del Real Madrid, donde podrás conocer en persona a algunas de las grandes estrellas del equipo más laureado del mundo.

Hazte fotos, consigue autógrafos y comparte unos minutos con los jugadores que hacen historia en cada partido. Una experiencia exclusiva para los verdaderos fans.
¿Muy pocas entradas!','2025-05-20','15:00','Estadio Santiago Bernabéu',100.0,10,0,'1747247172099-rm.webp',0);
INSERT INTO "eventos" ("id","idEmpresa","nombre","descripcion","fecha","hora","lugar","precio","aforo_maximo","entradas_vendidas","imagen","edad_minima") VALUES (47,2,'FDI Festival','Madrid se prepara para vibrar con el evento más esperado del año: FDI Festival, un encuentro épico donde los nombres más grandes de la música se reúnen para ofrecerte un fin de semana inolvidable.

Con un cartel de lujo que reúne a tus artistas favoritos de distintos géneros —pop, reggaetón, electrónica, indie, trap, y más—, este festival será una explosión de música, luces, fiesta y emoción.','2025-06-13','16:00','Recinto Valdebebas Madrid',150.0,4000,1,'1747247512765-festi.jpg',18);
INSERT INTO "eventos" ("id","idEmpresa","nombre","descripcion","fecha","hora","lugar","precio","aforo_maximo","entradas_vendidas","imagen","edad_minima") VALUES (48,5,'Primera noche de monólogos','El Teatro La Latina abre sus puertas para presentar la noche de monólogos, una noche en la que te lo pasarás en grande!','2025-04-30','15:00','Teatro La Latina',10.0,100,1,'1747249068429-Monologos.jpg',10);
INSERT INTO "mensajes" ("id","evento_id","usuario","contenido","fecha","parent_id") VALUES (1,23,'albiita','Alguien sabe si hay duchas en el camping del boombastic?','14/05/2025, 19:59:57',NULL);
INSERT INTO "mensajes" ("id","evento_id","usuario","contenido","fecha","parent_id") VALUES (2,23,'admin','Hola Alba! Si, en el camping hay bastantes duchas que se pueden usar sin ningún coste adicional.','14/05/2025, 20:00:47',1);
INSERT INTO "mensajes" ("id","evento_id","usuario","contenido","fecha","parent_id") VALUES (3,27,'sofrgz','Va a asistir Tony Kroos?','14/05/2025, 20:03:12',NULL);
INSERT INTO "mensajes" ("id","evento_id","usuario","contenido","fecha","parent_id") VALUES (4,38,'sofrgz','A que hora empieza el concierto?','14/05/2025, 20:03:35',NULL);
INSERT INTO "mensajes" ("id","evento_id","usuario","contenido","fecha","parent_id") VALUES (5,38,'admin','Hola Sofía! La apertura de puertas es a las 20:00 pero el inicio del concierto es a las 21:00. Recomendamos no empezar a hacer cola hasta las 18:00 porque se colapsa la calle :)','14/05/2025, 20:09:36',4);
INSERT INTO "mensajes" ("id","evento_id","usuario","contenido","fecha","parent_id") VALUES (6,27,'albiita','Eso dicen.','14/05/2025, 20:10:11',3);
INSERT INTO "mensajes" ("id","evento_id","usuario","contenido","fecha","parent_id") VALUES (7,24,'sofrgz','Tengo bastantes ganas de ir al concierto de Anuel pero no sé si me va a gustar, ¿alguien que me ayude a decidir?','14/05/2025, 20:35:06',NULL);
INSERT INTO "mensajes" ("id","evento_id","usuario","contenido","fecha","parent_id") VALUES (8,24,'fari','Cómprate la entrada ya #RHLM','14/05/2025, 20:35:48',7);
INSERT INTO "mensajes" ("id","evento_id","usuario","contenido","fecha","parent_id") VALUES (9,41,'celiacnls','Hi! Can I come if I don''t study at UCM?','14/05/2025, 20:37:19',NULL);
INSERT INTO "mensajes" ("id","evento_id","usuario","contenido","fecha","parent_id") VALUES (10,47,'celiacnls','Vaya cartelazo!! Que ganas tengo de ir!','14/05/2025, 20:37:41',NULL);
INSERT INTO "mensajes" ("id","evento_id","usuario","contenido","fecha","parent_id") VALUES (11,28,'albiita','Alguien más que vaya a pista?','14/05/2025, 20:38:50',NULL);
INSERT INTO "mensajes" ("id","evento_id","usuario","contenido","fecha","parent_id") VALUES (12,25,'albiita','Se sabe si hay algún artista sorpresa?','14/05/2025, 20:39:25',NULL);
INSERT INTO "mensajes" ("id","evento_id","usuario","contenido","fecha","parent_id") VALUES (13,26,'albiita','El último monólogo me encató, repetiré en esta nueva fecha ;)','14/05/2025, 20:40:59',NULL);
INSERT INTO "mensajes" ("id","evento_id","usuario","contenido","fecha","parent_id") VALUES (14,39,'albiita','Que talleres disponibles hay?','14/05/2025, 20:41:16',NULL);
INSERT INTO "mensajes" ("id","evento_id","usuario","contenido","fecha","parent_id") VALUES (15,41,'ESN','everyone is welcome!','14/05/2025, 20:41:58',9);
INSERT INTO "mensajes" ("id","evento_id","usuario","contenido","fecha","parent_id") VALUES (16,39,'japanwknd','Hola Alba! Los talleres disponibles son los siguientes:
- Escritura tradicional Japonesa
- Aprende a bailar una coreografía de K-pop
- Hacer Origami
- Cocina coreana
Y muchos más por confirmar','14/05/2025, 20:48:46',14);
INSERT INTO "mensajes" ("id","evento_id","usuario","contenido","fecha","parent_id") VALUES (17,25,'empresa','Lucho os tiene alguna sorpresa preparada ;)','14/05/2025, 20:49:56',12);
INSERT INTO "mensajes" ("id","evento_id","usuario","contenido","fecha","parent_id") VALUES (18,39,'sofrgz','Que ganas de ir!','14/05/2025, 21:04:03',NULL);
INSERT INTO "mensajes" ("id","evento_id","usuario","contenido","fecha","parent_id") VALUES (19,28,'sofrgz','Yoo','14/05/2025, 21:06:11',11);
INSERT INTO "mensajes" ("id","evento_id","usuario","contenido","fecha","parent_id") VALUES (20,37,'albiita','Por fin viene Jhayco a MAdrid!','14/05/2025, 21:08:26',NULL);
INSERT INTO "mensajes" ("id","evento_id","usuario","contenido","fecha","parent_id") VALUES (21,40,'albiita','Va a ser genial!!','14/05/2025, 21:08:56',NULL);
INSERT INTO "mensajes" ("id","evento_id","usuario","contenido","fecha","parent_id") VALUES (22,26,'celiacnls','Vi tu valoración! Me has animado a comprar una entrada','14/05/2025, 21:10:33',13);
INSERT INTO "valoraciones" ("id","id_evento","id_usuario","puntuacion","comentario") VALUES (1,44,10,3,'El dj pinchaba música buena pero los porteros eran bastante bordes.');
INSERT INTO "valoraciones" ("id","id_evento","id_usuario","puntuacion","comentario") VALUES (2,44,11,1,'No voy a volver nunca más, no lo recomiendo para nada. Estaba el suelo super pegajoso.');
INSERT INTO "valoraciones" ("id","id_evento","id_usuario","puntuacion","comentario") VALUES (3,44,12,4,'Me lo he pasado muy bien :)');
INSERT INTO "valoraciones" ("id","id_evento","id_usuario","puntuacion","comentario") VALUES (4,48,12,5,'La mejor noche de mi vida!');
INSERT INTO "valoraciones" ("id","id_evento","id_usuario","puntuacion","comentario") VALUES (5,33,10,4,'Un festival muy chulo! Lo recomiendo');
INSERT INTO "valoraciones" ("id","id_evento","id_usuario","puntuacion","comentario") VALUES (6,43,12,5,'Los actores increíbles, cantan super bien y la vestimenta está genial. Todo muy logrado.');
INSERT INTO "valoraciones" ("id","id_evento","id_usuario","puntuacion","comentario") VALUES (7,33,12,3,'Me gustó bastante pero Mora cantó muy poco :(');
COMMIT;
